description,priority
Gas leak reported near stadium,High
Exposed live electric wire near temple road,High
Blocked drainage causing foul smell at factory gate,Medium
Park benches broken at residential street,Low
Park benches broken at playground,Low
Posters defacing public property at community hall,Low
Improper street sweeping at office area,Low
Encroachment by vendors at school gate,Low
Posters defacing public property at main road,Low
Public toilet unhygienic at flyover,Low
Stray animals loitering at shopping mall,Low
Graffiti on walls near residential street,Low
Improper street sweeping at main road,Low
Streetlight not working near factory gate,Medium
Power line down after storm near stadium,High
Encroachment by vendors at bus stop,Low
Flooded underpass at riverbank blocking traffic,High
Flooded underpass at office area blocking traffic,High
Minor cracks on road at stadium,Low
Sewage overflowing on riverbank street,High
Public toilet unhygienic at community hall,Low
Improper street sweeping at stadium,Low
Blocked drainage causing foul smell at bus stop,Medium
Stray animals loitering at factory gate,Low
Noise pollution from vehicles at railway station,Medium
Dim lights making park unsafe at railway station,Low
Illegal parking near underpass,Medium
Broken sidewalk at office area,Medium
Stray animals loitering at railway station,Low
Power line down after storm near riverbank,High
Traffic signal malfunctioning at flyover,Medium
Noise pollution from vehicles at office area,Medium
Graffiti on walls near slum area,Low
Traffic signal malfunctioning at highway,Medium
Contaminated water supply reported at railway station,High
Sewage overflowing on temple road street,High
Exposed live electric wire near residential street,High
Major pothole on office area causing accidents,High
Major pothole on factory gate causing accidents,High
Water leakage from pipe at playground,Medium
Water leakage from pipe at highway,Medium
Rickshaw stand creating congestion at slum area,Medium
Street vendors occupying footpath at playground,Low
Power line down after storm near highway,High
Illegal parking near hospital entrance,Medium
Flooded underpass at underpass blocking traffic,High
Illegal parking near stadium,Medium
Broken sidewalk at underpass,Medium
Water leakage from pipe at temple road,Medium
Rickshaw stand creating congestion at stadium,Medium
Exposed live electric wire near bus stop,High
Posters defacing public property at bus stop,Low
Collapsed footbridge at flyover,High
Sewage overflowing on slum area street,High
Sewage overflowing on underpass street,High
Improper street sweeping at highway,Low
Overflowing garbage bins at main road,Medium
Improper street sweeping at temple road,Low
Blocked drainage causing foul smell at hospital entrance,Medium
Stray animals loitering at bus stop,Low
Overflowing garbage bins at stadium,Medium
Dim lights making park unsafe at college campus,Low
Dust from construction at playground,Medium
Gas leak reported near playground,High
Sewage overflowing on underpass street,High
Collapsed footbridge at shopping mall,High
Traffic signal malfunctioning at temple road,Medium
Public toilet unhygienic at community hall,Low
Collapsed footbridge at riverbank,High
Exposed live electric wire near shopping mall,High
Stray animals loitering at college campus,Low
Rickshaw stand creating congestion at market,Medium
Flooded underpass at bus stop blocking traffic,High
Sewage overflowing on highway street,High
Dust from construction at railway station,Medium
Graffiti on walls near slum area,Low
Overflowing garbage bins at flyover,Medium
Water leakage from pipe at underpass,Medium
Graffiti on walls near shopping mall,Low
Overflowing garbage bins at temple road,Medium
Dim lights making park unsafe at college campus,Low
Overflowing garbage bins at school gate,Medium
Gas leak reported near community hall,High
Graffiti on walls near bus stop,Low
Sewage overflowing on railway station street,High
Street vendors occupying footpath at factory gate,Low
Public toilet unhygienic at residential street,Low
Encroachment by vendors at college campus,Low
Street vendors occupying footpath at temple road,Low
Dim lights making park unsafe at stadium,Low
Minor cracks on road at slum area,Low
Posters defacing public property at office area,Low
Gas leak reported near highway,High
Minor cracks on road at shopping mall,Low
Broken sidewalk at bus stop,Medium
Park benches broken at community hall,Low
Overflowing garbage bins at slum area,Medium
Noise pollution from vehicles at shopping mall,Medium
Water leakage from pipe at factory gate,Medium
Blocked drainage causing foul smell at railway station,Medium
Exposed live electric wire near highway,High
Street vendors occupying footpath at market,Low
Sewage overflowing on market street,High
Noise pollution from vehicles at school gate,Medium
Rickshaw stand creating congestion at underpass,Medium
Rickshaw stand creating congestion at office area,Medium
Public toilet unhygienic at bus stop,Low
Overflowing garbage bins at market,Medium
Minor cracks on road at college campus,Low
Blocked drainage causing foul smell at stadium,Medium
Rickshaw stand creating congestion at underpass,Medium
Traffic signal malfunctioning at flyover,Medium
Streetlight not working near underpass,Medium
Rickshaw stand creating congestion at residential street,Medium
Park benches broken at main road,Low
Encroachment by vendors at riverbank,Low
Blocked drainage causing foul smell at underpass,Medium
Water leakage from pipe at underpass,Medium
Posters defacing public property at riverbank,Low
Gas leak reported near office area,High
Streetlight not working near market,Medium
Posters defacing public property at market,Low
Posters defacing public property at main road,Low
Posters defacing public property at railway station,Low
Rickshaw stand creating congestion at bus stop,Medium
Open manhole at shopping mall posing danger,High
Contaminated water supply reported at college campus,High
Improper street sweeping at riverbank,Low
Noise pollution from vehicles at playground,Medium
Minor cracks on road at riverbank,Low
Stray animals loitering at community hall,Low
Park benches broken at school gate,Low
Dim lights making park unsafe at school gate,Low
Traffic signal malfunctioning at school gate,Medium
Streetlight not working near community hall,Medium
Illegal parking near flyover,Medium
Encroachment by vendors at slum area,Low
Major pothole on bus stop causing accidents,High
Improper street sweeping at flyover,Low
Park benches broken at community hall,Low
Park benches broken at highway,Low
Street vendors occupying footpath at shopping mall,Low
Major pothole on flyover causing accidents,High
Overflowing garbage bins at riverbank,Medium
Stray animals loitering at temple road,Low
Posters defacing public property at hospital entrance,Low
Park benches broken at college campus,Low
Overflowing garbage bins at college campus,Medium
Water leakage from pipe at bus stop,Medium
Major pothole on highway causing accidents,High
Collapsed footbridge at hospital entrance,High
Encroachment by vendors at school gate,Low
Noise pollution from vehicles at hospital entrance,Medium
Fire hazard due to garbage burning at market,High
Dust from construction at shopping mall,Medium
Open manhole at school gate posing danger,High
Noise pollution from vehicles at slum area,Medium
Illegal parking near playground,Medium
Streetlight not working near factory gate,Medium
Illegal parking near college campus,Medium
Noise pollution from vehicles at market,Medium
Fire hazard due to garbage burning at stadium,High
Streetlight not working near railway station,Medium
Park benches broken at shopping mall,Low
Dim lights making park unsafe at bus stop,Low
Sewage overflowing on playground street,High
Contaminated water supply reported at highway,High
Dust from construction at highway,Medium
Contaminated water supply reported at college campus,High
Blocked drainage causing foul smell at riverbank,Medium
Streetlight not working near factory gate,Medium
Illegal parking near stadium,Medium
Blocked drainage causing foul smell at riverbank,Medium
Open manhole at shopping mall posing danger,High
Water leakage from pipe at underpass,Medium
Public toilet unhygienic at railway station,Low
Noise pollution from vehicles at stadium,Medium
Stray animals loitering at flyover,Low
Street vendors occupying footpath at underpass,Low
Street vendors occupying footpath at market,Low
Dust from construction at market,Medium
Illegal parking near community hall,Medium
Exposed live electric wire near stadium,High
Contaminated water supply reported at flyover,High
Broken sidewalk at flyover,Medium
Graffiti on walls near playground,Low
Broken sidewalk at factory gate,Medium
Encroachment by vendors at riverbank,Low
Dust from construction at railway station,Medium
Streetlight not working near community hall,Medium
Major pothole on school gate causing accidents,High
Overflowing garbage bins at playground,Medium
Overflowing garbage bins at market,Medium
Flooded underpass at railway station blocking traffic,High
Blocked drainage causing foul smell at slum area,Medium
Blocked drainage causing foul smell at slum area,Medium
Stray animals loitering at stadium,Low
Streetlight not working near underpass,Medium
Dust from construction at school gate,Medium
Public toilet unhygienic at stadium,Low
Noise pollution from vehicles at shopping mall,Medium
Open manhole at factory gate posing danger,High
Street vendors occupying footpath at residential street,Low
Public toilet unhygienic at highway,Low
Improper street sweeping at underpass,Low
Collapsed footbridge at playground,High
Fire hazard due to garbage burning at hospital entrance,High
Noise pollution from vehicles at college campus,Medium
Public toilet unhygienic at community hall,Low
Park benches broken at slum area,Low
Posters defacing public property at flyover,Low
Posters defacing public property at highway,Low
Encroachment by vendors at school gate,Low
Noise pollution from vehicles at underpass,Medium
Fire hazard due to garbage burning at slum area,High
Traffic signal malfunctioning at riverbank,Medium
Public toilet unhygienic at market,Low
Fire hazard due to garbage burning at office area,High
Contaminated water supply reported at bus stop,High
Stray animals loitering at college campus,Low
Fire hazard due to garbage burning at bus stop,High
Minor cracks on road at underpass,Low
Broken sidewalk at hospital entrance,Medium
Contaminated water supply reported at office area,High
Encroachment by vendors at community hall,Low
Rickshaw stand creating congestion at playground,Medium
Sewage overflowing on slum area street,High
Contaminated water supply reported at flyover,High
Streetlight not working near riverbank,Medium
Minor cracks on road at office area,Low
Collapsed footbridge at riverbank,High
Open manhole at riverbank posing danger,High
Water leakage from pipe at factory gate,Medium
Graffiti on walls near college campus,Low
Public toilet unhygienic at slum area,Low
Broken sidewalk at bus stop,Medium
Rickshaw stand creating congestion at hospital entrance,Medium
Fire hazard due to garbage burning at main road,High
Graffiti on walls near railway station,Low
Overflowing garbage bins at highway,Medium
Streetlight not working near stadium,Medium
Blocked drainage causing foul smell at bus stop,Medium
Improper street sweeping at flyover,Low
Encroachment by vendors at riverbank,Low
Graffiti on walls near residential street,Low
Open manhole at hospital entrance posing danger,High
Gas leak reported near railway station,High
Stray animals loitering at residential street,Low
Graffiti on walls near residential street,Low
Posters defacing public property at riverbank,Low
Open manhole at underpass posing danger,High
Power line down after storm near temple road,High
Broken sidewalk at school gate,Medium
Sewage overflowing on riverbank street,High
Street vendors occupying footpath at riverbank,Low
Contaminated water supply reported at temple road,High
Minor cracks on road at community hall,Low
Exposed live electric wire near community hall,High
Power line down after storm near flyover,High
Minor cracks on road at temple road,Low
Major pothole on shopping mall causing accidents,High
Graffiti on walls near market,Low
Fire hazard due to garbage burning at school gate,High
Power line down after storm near temple road,High
Overflowing garbage bins at highway,Medium
Stray animals loitering at playground,Low
Stray animals loitering at highway,Low
Street vendors occupying footpath at main road,Low
Illegal parking near stadium,Medium
Gas leak reported near railway station,High
Improper street sweeping at community hall,Low
Traffic signal malfunctioning at community hall,Medium
Streetlight not working near college campus,Medium
Exposed live electric wire near office area,High
Street vendors occupying footpath at hospital entrance,Low
Encroachment by vendors at flyover,Low
Gas leak reported near shopping mall,High
Collapsed footbridge at temple road,High
Gas leak reported near office area,High
Graffiti on walls near school gate,Low
Dim lights making park unsafe at office area,Low
Flooded underpass at market blocking traffic,High
Street vendors occupying footpath at highway,Low
Rickshaw stand creating congestion at slum area,Medium
Illegal parking near residential street,Medium
Gas leak reported near riverbank,High
Gas leak reported near college campus,High
Rickshaw stand creating congestion at flyover,Medium
Improper street sweeping at school gate,Low
Street vendors occupying footpath at market,Low
Street vendors occupying footpath at college campus,Low
Encroachment by vendors at factory gate,Low
Blocked drainage causing foul smell at residential street,Medium
Minor cracks on road at slum area,Low
Exposed live electric wire near underpass,High
Water leakage from pipe at shopping mall,Medium
Park benches broken at community hall,Low
Stray animals loitering at residential street,Low
Dust from construction at residential street,Medium
Contaminated water supply reported at hospital entrance,High
Street vendors occupying footpath at college campus,Low
Collapsed footbridge at riverbank,High
Public toilet unhygienic at residential street,Low
Overflowing garbage bins at temple road,Medium
Blocked drainage causing foul smell at underpass,Medium
Streetlight not working near market,Medium
Contaminated water supply reported at residential street,High
Fire hazard due to garbage burning at temple road,High
Water leakage from pipe at flyover,Medium
Fire hazard due to garbage burning at factory gate,High
Streetlight not working near factory gate,Medium
Flooded underpass at slum area blocking traffic,High
Exposed live electric wire near bus stop,High
Rickshaw stand creating congestion at market,Medium
Flooded underpass at bus stop blocking traffic,High
Overflowing garbage bins at hospital entrance,Medium
Power line down after storm near college campus,High
Improper street sweeping at hospital entrance,Low
Broken sidewalk at community hall,Medium
Open manhole at bus stop posing danger,High
Water leakage from pipe at stadium,Medium
Illegal parking near community hall,Medium
Improper street sweeping at underpass,Low
Flooded underpass at highway blocking traffic,High
Park benches broken at highway,Low
Noise pollution from vehicles at factory gate,Medium
Dust from construction at school gate,Medium
Exposed live electric wire near community hall,High
Water leakage from pipe at hospital entrance,Medium
Power line down after storm near underpass,High
Blocked drainage causing foul smell at bus stop,Medium
Collapsed footbridge at stadium,High
Fire hazard due to garbage burning at hospital entrance,High
Fire hazard due to garbage burning at playground,High
Streetlight not working near flyover,Medium
Collapsed footbridge at hospital entrance,High
Improper street sweeping at riverbank,Low
Contaminated water supply reported at hospital entrance,High
Noise pollution from vehicles at market,Medium
Flooded underpass at playground blocking traffic,High
Water leakage from pipe at community hall,Medium
Improper street sweeping at community hall,Low
Public toilet unhygienic at hospital entrance,Low
Sewage overflowing on temple road street,High
Streetlight not working near market,Medium
Stray animals loitering at bus stop,Low
Gas leak reported near office area,High
Power line down after storm near highway,High
Gas leak reported near school gate,High
Power line down after storm near college campus,High
Flooded underpass at residential street blocking traffic,High
Stray animals loitering at college campus,Low
Encroachment by vendors at school gate,Low
Public toilet unhygienic at highway,Low
Power line down after storm near residential street,High
Fire hazard due to garbage burning at underpass,High
Illegal parking near playground,Medium
Streetlight not working near underpass,Medium
Sewage overflowing on riverbank street,High
Minor cracks on road at main road,Low
Graffiti on walls near underpass,Low
Dim lights making park unsafe at college campus,Low
Traffic signal malfunctioning at shopping mall,Medium
Blocked drainage causing foul smell at community hall,Medium
Dust from construction at flyover,Medium
Overflowing garbage bins at college campus,Medium
Sewage overflowing on flyover street,High
Dim lights making park unsafe at shopping mall,Low
Noise pollution from vehicles at school gate,Medium
Public toilet unhygienic at hospital entrance,Low
Encroachment by vendors at office area,Low
Sewage overflowing on highway street,High
Stray animals loitering at school gate,Low
Gas leak reported near underpass,High
Collapsed footbridge at factory gate,High
Collapsed footbridge at factory gate,High
Graffiti on walls near temple road,Low
Street vendors occupying footpath at hospital entrance,Low
Dim lights making park unsafe at riverbank,Low
Gas leak reported near market,High
Exposed live electric wire near highway,High
Park benches broken at playground,Low
Power line down after storm near residential street,High
Blocked drainage causing foul smell at slum area,Medium
Illegal parking near bus stop,Medium
Noise pollution from vehicles at hospital entrance,Medium
Flooded underpass at main road blocking traffic,High
Park benches broken at stadium,Low
Sewage overflowing on college campus street,High
Posters defacing public property at playground,Low
Streetlight not working near flyover,Medium
Illegal parking near slum area,Medium
Exposed live electric wire near temple road,High
Minor cracks on road at office area,Low
Water leakage from pipe at highway,Medium
Noise pollution from vehicles at hospital entrance,Medium
Minor cracks on road at riverbank,Low
Dust from construction at college campus,Medium
Minor cracks on road at bus stop,Low
Traffic signal malfunctioning at temple road,Medium
Gas leak reported near playground,High
Overflowing garbage bins at stadium,Medium
Sewage overflowing on flyover street,High
Exposed live electric wire near riverbank,High
Contaminated water supply reported at playground,High
Encroachment by vendors at community hall,Low
Water leakage from pipe at hospital entrance,Medium
Overflowing garbage bins at community hall,Medium
Noise pollution from vehicles at shopping mall,Medium
Gas leak reported near factory gate,High
Flooded underpass at college campus blocking traffic,High
Minor cracks on road at highway,Low
Sewage overflowing on playground street,High
Traffic signal malfunctioning at office area,Medium
Stray animals loitering at highway,Low
Major pothole on bus stop causing accidents,High
Traffic signal malfunctioning at school gate,Medium
Street vendors occupying footpath at residential street,Low
Traffic signal malfunctioning at temple road,Medium
Open manhole at flyover posing danger,High
Exposed live electric wire near slum area,High
Exposed live electric wire near temple road,High
Gas leak reported near college campus,High
Broken sidewalk at main road,Medium
Encroachment by vendors at riverbank,Low
Street vendors occupying footpath at factory gate,Low
Dim lights making park unsafe at bus stop,Low
Illegal parking near temple road,Medium
Rickshaw stand creating congestion at flyover,Medium
Illegal parking near market,Medium
Flooded underpass at temple road blocking traffic,High
Public toilet unhygienic at hospital entrance,Low
Rickshaw stand creating congestion at residential street,Medium
Fire hazard due to garbage burning at underpass,High
Illegal parking near community hall,Medium
Exposed live electric wire near flyover,High
Fire hazard due to garbage burning at slum area,High
Sewage overflowing on flyover street,High
Collapsed footbridge at bus stop,High
Illegal parking near shopping mall,Medium
Public toilet unhygienic at underpass,Low
Rickshaw stand creating congestion at highway,Medium
Dust from construction at riverbank,Medium
Dust from construction at flyover,Medium
Dust from construction at riverbank,Medium
Exposed live electric wire near college campus,High
Dust from construction at temple road,Medium
Major pothole on main road causing accidents,High
Stray animals loitering at underpass,Low
Exposed live electric wire near school gate,High
Dim lights making park unsafe at school gate,Low
Illegal parking near highway,Medium
Flooded underpass at temple road blocking traffic,High
Improper street sweeping at community hall,Low
Posters defacing public property at market,Low
Contaminated water supply reported at highway,High
Flooded underpass at flyover blocking traffic,High
Open manhole at market posing danger,High
Streetlight not working near slum area,Medium
Contaminated water supply reported at office area,High
Major pothole on market causing accidents,High
Water leakage from pipe at school gate,Medium
Contaminated water supply reported at temple road,High
Collapsed footbridge at factory gate,High
Broken sidewalk at riverbank,Medium
Streetlight not working near temple road,Medium
Major pothole on office area causing accidents,High
Streetlight not working near railway station,Medium
Dust from construction at shopping mall,Medium
Gas leak reported near riverbank,High
Broken sidewalk at office area,Medium
Streetlight not working near riverbank,Medium
Public toilet unhygienic at office area,Low
Park benches broken at office area,Low
Streetlight not working near community hall,Medium
Contaminated water supply reported at railway station,High
Dust from construction at residential street,Medium
Stray animals loitering at residential street,Low
Posters defacing public property at flyover,Low
Fire hazard due to garbage burning at office area,High
Streetlight not working near office area,Medium
Collapsed footbridge at railway station,High
Posters defacing public property at market,Low
Open manhole at residential street posing danger,High
Broken sidewalk at hospital entrance,Medium
Encroachment by vendors at bus stop,Low
Noise pollution from vehicles at college campus,Medium
Traffic signal malfunctioning at railway station,Medium
Improper street sweeping at community hall,Low
Park benches broken at factory gate,Low
Traffic signal malfunctioning at market,Medium
Noise pollution from vehicles at college campus,Medium
Exposed live electric wire near factory gate,High
Blocked drainage causing foul smell at school gate,Medium
Noise pollution from vehicles at slum area,Medium
Dim lights making park unsafe at stadium,Low
Dust from construction at hospital entrance,Medium
Open manhole at shopping mall posing danger,High
Flooded underpass at riverbank blocking traffic,High
Broken sidewalk at highway,Medium
Overflowing garbage bins at riverbank,Medium
Graffiti on walls near railway station,Low
Traffic signal malfunctioning at residential street,Medium
Open manhole at playground posing danger,High
Traffic signal malfunctioning at market,Medium
Stray animals loitering at stadium,Low
Street vendors occupying footpath at flyover,Low
Open manhole at market posing danger,High
Noise pollution from vehicles at residential street,Medium
Minor cracks on road at residential street,Low
Flooded underpass at community hall blocking traffic,High
Blocked drainage causing foul smell at slum area,Medium
Illegal parking near office area,Medium
Public toilet unhygienic at underpass,Low
Public toilet unhygienic at hospital entrance,Low
Overflowing garbage bins at shopping mall,Medium
Open manhole at office area posing danger,High
Illegal parking near stadium,Medium
Improper street sweeping at school gate,Low
Collapsed footbridge at school gate,High
Traffic signal malfunctioning at flyover,Medium
Illegal parking near main road,Medium
Flooded underpass at office area blocking traffic,High
Minor cracks on road at railway station,Low
Power line down after storm near residential street,High
Noise pollution from vehicles at slum area,Medium
Public toilet unhygienic at playground,Low
Contaminated water supply reported at main road,High
Open manhole at hospital entrance posing danger,High
Blocked drainage causing foul smell at shopping mall,Medium
Collapsed footbridge at shopping mall,High
Overflowing garbage bins at market,Medium
Public toilet unhygienic at riverbank,Low
Street vendors occupying footpath at riverbank,Low
Rickshaw stand creating congestion at community hall,Medium
Fire hazard due to garbage burning at underpass,High
Power line down after storm near main road,High
Dust from construction at playground,Medium
Improper street sweeping at railway station,Low
Gas leak reported near slum area,High
Gas leak reported near residential street,High
Exposed live electric wire near railway station,High
Dim lights making park unsafe at railway station,Low
Overflowing garbage bins at market,Medium
Major pothole on slum area causing accidents,High
Stray animals loitering at slum area,Low
Sewage overflowing on riverbank street,High
Power line down after storm near college campus,High
Blocked drainage causing foul smell at community hall,Medium
Streetlight not working near community hall,Medium
Overflowing garbage bins at slum area,Medium
Minor cracks on road at school gate,Low
Dim lights making park unsafe at main road,Low
Minor cracks on road at residential street,Low
Improper street sweeping at playground,Low
Overflowing garbage bins at highway,Medium
Water leakage from pipe at railway station,Medium
Power line down after storm near college campus,High
Improper street sweeping at office area,Low
Minor cracks on road at market,Low
Encroachment by vendors at bus stop,Low
Streetlight not working near residential street,Medium
Posters defacing public property at community hall,Low
Dust from construction at office area,Medium
Major pothole on market causing accidents,High
Overflowing garbage bins at main road,Medium
Improper street sweeping at main road,Low
Flooded underpass at office area blocking traffic,High
Traffic signal malfunctioning at office area,Medium
Streetlight not working near market,Medium
Improper street sweeping at shopping mall,Low
Graffiti on walls near factory gate,Low
Rickshaw stand creating congestion at market,Medium
Sewage overflowing on playground street,High
Contaminated water supply reported at railway station,High
Posters defacing public property at flyover,Low
Dim lights making park unsafe at highway,Low
Minor cracks on road at bus stop,Low
Open manhole at office area posing danger,High
Traffic signal malfunctioning at market,Medium
Improper street sweeping at bus stop,Low
Dust from construction at railway station,Medium
Posters defacing public property at office area,Low
Power line down after storm near railway station,High
Open manhole at office area posing danger,High
Gas leak reported near bus stop,High
Posters defacing public property at residential street,Low
Stray animals loitering at highway,Low
Collapsed footbridge at office area,High
Open manhole at main road posing danger,High
Traffic signal malfunctioning at college campus,Medium
Flooded underpass at office area blocking traffic,High
Major pothole on bus stop causing accidents,High
Encroachment by vendors at factory gate,Low
Fire hazard due to garbage burning at residential street,High
Blocked drainage causing foul smell at highway,Medium
Power line down after storm near highway,High
Posters defacing public property at highway,Low
Broken sidewalk at school gate,Medium
Contaminated water supply reported at stadium,High
Sewage overflowing on playground street,High
Park benches broken at bus stop,Low
Graffiti on walls near stadium,Low
Water leakage from pipe at main road,Medium
Park benches broken at school gate,Low
Rickshaw stand creating congestion at highway,Medium
Improper street sweeping at underpass,Low
Overflowing garbage bins at main road,Medium
Posters defacing public property at community hall,Low
Public toilet unhygienic at underpass,Low
Stray animals loitering at highway,Low
Noise pollution from vehicles at underpass,Medium
Flooded underpass at railway station blocking traffic,High
Improper street sweeping at temple road,Low
Gas leak reported near highway,High
Encroachment by vendors at residential street,Low
Flooded underpass at bus stop blocking traffic,High
Sewage overflowing on underpass street,High
Illegal parking near riverbank,Medium
Dim lights making park unsafe at factory gate,Low
Overflowing garbage bins at temple road,Medium
Illegal parking near hospital entrance,Medium
Improper street sweeping at temple road,Low
Rickshaw stand creating congestion at hospital entrance,Medium
Fire hazard due to garbage burning at highway,High
Gas leak reported near highway,High
Dust from construction at bus stop,Medium
Street vendors occupying footpath at underpass,Low
Public toilet unhygienic at community hall,Low
Public toilet unhygienic at residential street,Low
Noise pollution from vehicles at playground,Medium
Rickshaw stand creating congestion at hospital entrance,Medium
Noise pollution from vehicles at underpass,Medium
Graffiti on walls near college campus,Low
Encroachment by vendors at stadium,Low
Contaminated water supply reported at underpass,High
Open manhole at office area posing danger,High
Park benches broken at bus stop,Low
Posters defacing public property at highway,Low
Gas leak reported near temple road,High
Open manhole at temple road posing danger,High
Major pothole on underpass causing accidents,High
Encroachment by vendors at temple road,Low
Flooded underpass at riverbank blocking traffic,High
Collapsed footbridge at main road,High
Encroachment by vendors at factory gate,Low
Dim lights making park unsafe at bus stop,Low
Encroachment by vendors at market,Low
Posters defacing public property at riverbank,Low
Power line down after storm near shopping mall,High
Exposed live electric wire near office area,High
Overflowing garbage bins at office area,Medium
Dust from construction at railway station,Medium
Public toilet unhygienic at flyover,Low
Flooded underpass at market blocking traffic,High
Park benches broken at hospital entrance,Low
Contaminated water supply reported at community hall,High
Public toilet unhygienic at market,Low
Streetlight not working near residential street,Medium
Park benches broken at school gate,Low
Power line down after storm near highway,High
Dim lights making park unsafe at stadium,Low
Fire hazard due to garbage burning at school gate,High
Gas leak reported near market,High
Sewage overflowing on community hall street,High
Broken sidewalk at temple road,Medium
Minor cracks on road at temple road,Low
Contaminated water supply reported at temple road,High
Minor cracks on road at railway station,Low
Power line down after storm near main road,High
Traffic signal malfunctioning at underpass,Medium
Power line down after storm near railway station,High
Traffic signal malfunctioning at stadium,Medium
Exposed live electric wire near slum area,High
Blocked drainage causing foul smell at community hall,Medium
Broken sidewalk at main road,Medium
Rickshaw stand creating congestion at school gate,Medium
Exposed live electric wire near factory gate,High
Dust from construction at office area,Medium
Flooded underpass at office area blocking traffic,High
Water leakage from pipe at underpass,Medium
Stray animals loitering at residential street,Low
Dim lights making park unsafe at bus stop,Low
Sewage overflowing on stadium street,High
Broken sidewalk at stadium,Medium
Exposed live electric wire near office area,High
Graffiti on walls near residential street,Low
Minor cracks on road at railway station,Low
Sewage overflowing on flyover street,High
Overflowing garbage bins at school gate,Medium
Fire hazard due to garbage burning at school gate,High
Dim lights making park unsafe at school gate,Low
Traffic signal malfunctioning at factory gate,Medium
Dim lights making park unsafe at riverbank,Low
Illegal parking near playground,Medium
Gas leak reported near bus stop,High
Posters defacing public property at playground,Low
Street vendors occupying footpath at school gate,Low
Major pothole on flyover causing accidents,High
Illegal parking near school gate,Medium
Graffiti on walls near playground,Low
Major pothole on slum area causing accidents,High
Blocked drainage causing foul smell at temple road,Medium
Dust from construction at flyover,Medium
Noise pollution from vehicles at playground,Medium
Dim lights making park unsafe at shopping mall,Low
Contaminated water supply reported at bus stop,High
Flooded underpass at school gate blocking traffic,High
Noise pollution from vehicles at stadium,Medium
Sewage overflowing on main road street,High
Open manhole at hospital entrance posing danger,High
Exposed live electric wire near flyover,High
Traffic signal malfunctioning at residential street,Medium
Public toilet unhygienic at riverbank,Low
Gas leak reported near underpass,High
Open manhole at office area posing danger,High
Fire hazard due to garbage burning at playground,High
Gas leak reported near riverbank,High
Blocked drainage causing foul smell at school gate,Medium
Sewage overflowing on community hall street,High
Park benches broken at temple road,Low
Fire hazard due to garbage burning at main road,High
Sewage overflowing on market street,High
Flooded underpass at underpass blocking traffic,High
Rickshaw stand creating congestion at community hall,Medium
Posters defacing public property at riverbank,Low
Gas leak reported near college campus,High
Dust from construction at college campus,Medium
Encroachment by vendors at stadium,Low
Illegal parking near railway station,Medium
Broken sidewalk at underpass,Medium
Overflowing garbage bins at railway station,Medium
Contaminated water supply reported at college campus,High
Blocked drainage causing foul smell at underpass,Medium
Sewage overflowing on railway station street,High
Street vendors occupying footpath at railway station,Low
Illegal parking near temple road,Medium
Sewage overflowing on stadium street,High
Fire hazard due to garbage burning at office area,High
Streetlight not working near shopping mall,Medium
Fire hazard due to garbage burning at main road,High
Gas leak reported near railway station,High
Open manhole at community hall posing danger,High
Dust from construction at main road,Medium
Improper street sweeping at community hall,Low
Posters defacing public property at market,Low
Major pothole on hospital entrance causing accidents,High
Overflowing garbage bins at residential street,Medium
Rickshaw stand creating congestion at railway station,Medium
Streetlight not working near temple road,Medium
Overflowing garbage bins at stadium,Medium
Fire hazard due to garbage burning at residential street,High
Improper street sweeping at flyover,Low
Streetlight not working near factory gate,Medium
Sewage overflowing on railway station street,High
Illegal parking near temple road,Medium
Overflowing garbage bins at highway,Medium
Encroachment by vendors at market,Low
Stray animals loitering at school gate,Low
Encroachment by vendors at hospital entrance,Low
Stray animals loitering at flyover,Low
Collapsed footbridge at factory gate,High
Water leakage from pipe at office area,Medium
Fire hazard due to garbage burning at playground,High
Water leakage from pipe at railway station,Medium
Flooded underpass at office area blocking traffic,High
Fire hazard due to garbage burning at residential street,High
Major pothole on playground causing accidents,High
Park benches broken at stadium,Low
Minor cracks on road at residential street,Low
Dim lights making park unsafe at highway,Low
Open manhole at shopping mall posing danger,High
Dust from construction at stadium,Medium
Contaminated water supply reported at flyover,High
Encroachment by vendors at market,Low
Encroachment by vendors at temple road,Low
Traffic signal malfunctioning at underpass,Medium
Traffic signal malfunctioning at slum area,Medium
Streetlight not working near main road,Medium
Illegal parking near slum area,Medium
Public toilet unhygienic at factory gate,Low
Illegal parking near highway,Medium
Gas leak reported near hospital entrance,High
Power line down after storm near underpass,High
Illegal parking near college campus,Medium
Dust from construction at bus stop,Medium
Improper street sweeping at flyover,Low
Street vendors occupying footpath at community hall,Low
Sewage overflowing on flyover street,High
Collapsed footbridge at bus stop,High
Minor cracks on road at school gate,Low
Public toilet unhygienic at temple road,Low
Streetlight not working near temple road,Medium
Gas leak reported near stadium,High
Collapsed footbridge at shopping mall,High
Improper street sweeping at market,Low
Collapsed footbridge at office area,High
Noise pollution from vehicles at stadium,Medium
Minor cracks on road at community hall,Low
Street vendors occupying footpath at market,Low
Noise pollution from vehicles at slum area,Medium
Collapsed footbridge at temple road,High
Water leakage from pipe at flyover,Medium
Minor cracks on road at flyover,Low
Public toilet unhygienic at college campus,Low
Improper street sweeping at factory gate,Low
Noise pollution from vehicles at office area,Medium
Traffic signal malfunctioning at main road,Medium
Dim lights making park unsafe at market,Low
Exposed live electric wire near factory gate,High
Noise pollution from vehicles at bus stop,Medium
Water leakage from pipe at office area,Medium
Broken sidewalk at flyover,Medium
Posters defacing public property at main road,Low
Exposed live electric wire near hospital entrance,High
Noise pollution from vehicles at flyover,Medium
Street vendors occupying footpath at playground,Low
Broken sidewalk at underpass,Medium
Overflowing garbage bins at underpass,Medium
Sewage overflowing on hospital entrance street,High
Streetlight not working near shopping mall,Medium
Minor cracks on road at playground,Low
Dust from construction at shopping mall,Medium
Park benches broken at factory gate,Low
Minor cracks on road at riverbank,Low
Posters defacing public property at riverbank,Low
Sewage overflowing on office area street,High
Sewage overflowing on flyover street,High
Power line down after storm near riverbank,High
Traffic signal malfunctioning at main road,Medium
Collapsed footbridge at college campus,High
Illegal parking near college campus,Medium
Flooded underpass at college campus blocking traffic,High
Blocked drainage causing foul smell at school gate,Medium
Contaminated water supply reported at community hall,High
Posters defacing public property at temple road,Low
Noise pollution from vehicles at market,Medium
Rickshaw stand creating congestion at bus stop,Medium
Sewage overflowing on riverbank street,High
Street vendors occupying footpath at riverbank,Low
Water leakage from pipe at stadium,Medium
Park benches broken at office area,Low
Dust from construction at playground,Medium
Park benches broken at underpass,Low
Power line down after storm near flyover,High
Blocked drainage causing foul smell at hospital entrance,Medium
Flooded underpass at school gate blocking traffic,High
Contaminated water supply reported at slum area,High
Rickshaw stand creating congestion at playground,Medium
Dim lights making park unsafe at playground,Low
Posters defacing public property at flyover,Low
Dust from construction at hospital entrance,Medium
Collapsed footbridge at market,High
Sewage overflowing on slum area street,High
Streetlight not working near office area,Medium
Illegal parking near flyover,Medium
Collapsed footbridge at highway,High
Overflowing garbage bins at playground,Medium
Water leakage from pipe at riverbank,Medium
Illegal parking near college campus,Medium
Power line down after storm near hospital entrance,High
Graffiti on walls near market,Low
Fire hazard due to garbage burning at flyover,High
Streetlight not working near highway,Medium
Traffic signal malfunctioning at flyover,Medium
Sewage overflowing on temple road street,High
Blocked drainage causing foul smell at bus stop,Medium
Exposed live electric wire near playground,High
Open manhole at shopping mall posing danger,High
Improper street sweeping at market,Low
Flooded underpass at flyover blocking traffic,High
Broken sidewalk at main road,Medium
Posters defacing public property at factory gate,Low
Stray animals loitering at temple road,Low
Improper street sweeping at slum area,Low
Blocked drainage causing foul smell at office area,Medium
Illegal parking near main road,Medium
Broken sidewalk at underpass,Medium
Park benches broken at playground,Low
Rickshaw stand creating congestion at highway,Medium
Blocked drainage causing foul smell at shopping mall,Medium
Open manhole at office area posing danger,High
Rickshaw stand creating congestion at college campus,Medium
Broken sidewalk at market,Medium
Graffiti on walls near highway,Low
Stray animals loitering at school gate,Low
Fire hazard due to garbage burning at factory gate,High
Improper street sweeping at school gate,Low
Graffiti on walls near shopping mall,Low
Contaminated water supply reported at main road,High
Traffic signal malfunctioning at flyover,Medium
Noise pollution from vehicles at residential street,Medium
Noise pollution from vehicles at underpass,Medium
Major pothole on market causing accidents,High
Overflowing garbage bins at stadium,Medium
Major pothole on community hall causing accidents,High
Collapsed footbridge at railway station,High
Exposed live electric wire near college campus,High
Traffic signal malfunctioning at community hall,Medium
Traffic signal malfunctioning at community hall,Medium
Park benches broken at school gate,Low
Street vendors occupying footpath at playground,Low
Power line down after storm near railway station,High
Illegal parking near slum area,Medium
Illegal parking near community hall,Medium
Collapsed footbridge at shopping mall,High
Sewage overflowing on residential street street,High
Posters defacing public property at residential street,Low
Exposed live electric wire near temple road,High
Flooded underpass at school gate blocking traffic,High
Graffiti on walls near riverbank,Low
Streetlight not working near railway station,Medium
Street vendors occupying footpath at hospital entrance,Low
Collapsed footbridge at factory gate,High
Illegal parking near hospital entrance,Medium
Posters defacing public property at office area,Low
Illegal parking near flyover,Medium
Dim lights making park unsafe at temple road,Low
Exposed live electric wire near hospital entrance,High
Blocked drainage causing foul smell at community hall,Medium
Encroachment by vendors at stadium,Low
Minor cracks on road at hospital entrance,Low
Overflowing garbage bins at college campus,Medium
Park benches broken at residential street,Low
Posters defacing public property at riverbank,Low
Encroachment by vendors at school gate,Low
Open manhole at shopping mall posing danger,High
Rickshaw stand creating congestion at slum area,Medium
Open manhole at school gate posing danger,High
Fire hazard due to garbage burning at office area,High
Power line down after storm near residential street,High
Exposed live electric wire near college campus,High
Water leakage from pipe at railway station,Medium
Collapsed footbridge at office area,High
Major pothole on community hall causing accidents,High
Public toilet unhygienic at factory gate,Low
Blocked drainage causing foul smell at slum area,Medium
Water leakage from pipe at slum area,Medium
Open manhole at residential street posing danger,High
Encroachment by vendors at hospital entrance,Low
Street vendors occupying footpath at playground,Low
Broken sidewalk at slum area,Medium
Sewage overflowing on shopping mall street,High
Encroachment by vendors at playground,Low
Exposed live electric wire near railway station,High
Stray animals loitering at riverbank,Low
Fire hazard due to garbage burning at underpass,High
Rickshaw stand creating congestion at highway,Medium
Illegal parking near factory gate,Medium
Rickshaw stand creating congestion at college campus,Medium
Graffiti on walls near flyover,Low
Sewage overflowing on hospital entrance street,High
Park benches broken at office area,Low
Minor cracks on road at underpass,Low
Water leakage from pipe at hospital entrance,Medium
Sewage overflowing on stadium street,High
Overflowing garbage bins at bus stop,Medium
Fire hazard due to garbage burning at underpass,High
Park benches broken at riverbank,Low
Open manhole at underpass posing danger,High
Fire hazard due to garbage burning at hospital entrance,High
Streetlight not working near highway,Medium
Rickshaw stand creating congestion at hospital entrance,Medium
Gas leak reported near residential street,High
Water leakage from pipe at residential street,Medium
Park benches broken at main road,Low
Overflowing garbage bins at market,Medium
Water leakage from pipe at bus stop,Medium
Dim lights making park unsafe at community hall,Low
Illegal parking near hospital entrance,Medium
Contaminated water supply reported at community hall,High
Broken sidewalk at highway,Medium
Sewage overflowing on school gate street,High
Posters defacing public property at market,Low
Minor cracks on road at slum area,Low
Public toilet unhygienic at residential street,Low
Major pothole on factory gate causing accidents,High
Public toilet unhygienic at playground,Low
Sewage overflowing on railway station street,High
Contaminated water supply reported at underpass,High
Traffic signal malfunctioning at hospital entrance,Medium
Collapsed footbridge at main road,High
Contaminated water supply reported at flyover,High
Public toilet unhygienic at residential street,Low
Broken sidewalk at residential street,Medium
Streetlight not working near office area,Medium
Traffic signal malfunctioning at highway,Medium
Improper street sweeping at main road,Low
Park benches broken at slum area,Low
Street vendors occupying footpath at hospital entrance,Low
Overflowing garbage bins at temple road,Medium
Traffic signal malfunctioning at hospital entrance,Medium
Graffiti on walls near school gate,Low
Illegal parking near underpass,Medium
Improper street sweeping at hospital entrance,Low
Traffic signal malfunctioning at playground,Medium
Flooded underpass at office area blocking traffic,High
Street vendors occupying footpath at bus stop,Low
Traffic signal malfunctioning at hospital entrance,Medium
Overflowing garbage bins at underpass,Medium
Traffic signal malfunctioning at shopping mall,Medium
Major pothole on residential street causing accidents,High
Public toilet unhygienic at playground,Low
Gas leak reported near highway,High
Exposed live electric wire near railway station,High
Traffic signal malfunctioning at factory gate,Medium
Park benches broken at underpass,Low
Dust from construction at office area,Medium
Street vendors occupying footpath at bus stop,Low
Dim lights making park unsafe at slum area,Low
Graffiti on walls near shopping mall,Low
Open manhole at community hall posing danger,High
Exposed live electric wire near community hall,High
Overflowing garbage bins at main road,Medium
Park benches broken at factory gate,Low
Posters defacing public property at shopping mall,Low
Gas leak reported near underpass,High
Flooded underpass at residential street blocking traffic,High
Dust from construction at highway,Medium
Power line down after storm near community hall,High
Flooded underpass at playground blocking traffic,High
Broken sidewalk at railway station,Medium
Dim lights making park unsafe at underpass,Low
Overflowing garbage bins at highway,Medium
Broken sidewalk at stadium,Medium
Street vendors occupying footpath at underpass,Low
Major pothole on bus stop causing accidents,High
Fire hazard due to garbage burning at stadium,High
Dim lights making park unsafe at college campus,Low
Posters defacing public property at railway station,Low
Stray animals loitering at slum area,Low
Blocked drainage causing foul smell at riverbank,Medium
Power line down after storm near office area,High
Public toilet unhygienic at temple road,Low
Park benches broken at hospital entrance,Low
Illegal parking near flyover,Medium
Traffic signal malfunctioning at main road,Medium
Fire hazard due to garbage burning at flyover,High
Broken sidewalk at bus stop,Medium
Fire hazard due to garbage burning at college campus,High
Encroachment by vendors at slum area,Low
Illegal parking near underpass,Medium
Minor cracks on road at railway station,Low
Major pothole on shopping mall causing accidents,High
Overflowing garbage bins at community hall,Medium
Noise pollution from vehicles at residential street,Medium
Blocked drainage causing foul smell at community hall,Medium
Streetlight not working near factory gate,Medium
Stray animals loitering at bus stop,Low
Sewage overflowing on bus stop street,High
Overflowing garbage bins at slum area,Medium
Graffiti on walls near residential street,Low
Flooded underpass at factory gate blocking traffic,High
Improper street sweeping at office area,Low
Posters defacing public property at college campus,Low
Minor cracks on road at factory gate,Low
Encroachment by vendors at office area,Low
Posters defacing public property at bus stop,Low
Illegal parking near riverbank,Medium
Sewage overflowing on school gate street,High
Dust from construction at shopping mall,Medium
Street vendors occupying footpath at bus stop,Low
Gas leak reported near flyover,High
Streetlight not working near stadium,Medium
Blocked drainage causing foul smell at railway station,Medium
Major pothole on factory gate causing accidents,High
Rickshaw stand creating congestion at college campus,Medium
Encroachment by vendors at playground,Low
Flooded underpass at community hall blocking traffic,High
Gas leak reported near college campus,High
Illegal parking near riverbank,Medium
Broken sidewalk at slum area,Medium
Dim lights making park unsafe at stadium,Low
Street vendors occupying footpath at playground,Low
Posters defacing public property at market,Low
Graffiti on walls near community hall,Low
Exposed live electric wire near residential street,High
Minor cracks on road at main road,Low
Contaminated water supply reported at highway,High
Broken sidewalk at school gate,Medium
Graffiti on walls near hospital entrance,Low
Dust from construction at shopping mall,Medium
Dim lights making park unsafe at underpass,Low
Graffiti on walls near college campus,Low
Park benches broken at main road,Low
Open manhole at main road posing danger,High
Encroachment by vendors at community hall,Low
Blocked drainage causing foul smell at residential street,Medium
Encroachment by vendors at underpass,Low
Open manhole at stadium posing danger,High
Contaminated water supply reported at flyover,High
Improper street sweeping at shopping mall,Low
Open manhole at railway station posing danger,High
Collapsed footbridge at residential street,High
Collapsed footbridge at riverbank,High
Streetlight not working near residential street,Medium
Overflowing garbage bins at flyover,Medium
Traffic signal malfunctioning at bus stop,Medium
Park benches broken at flyover,Low
Water leakage from pipe at riverbank,Medium
Minor cracks on road at shopping mall,Low
Stray animals loitering at market,Low
Improper street sweeping at college campus,Low
Encroachment by vendors at main road,Low
Graffiti on walls near riverbank,Low
Streetlight not working near temple road,Medium
Sewage overflowing on office area street,High
Noise pollution from vehicles at shopping mall,Medium
Illegal parking near office area,Medium
Stray animals loitering at riverbank,Low
Streetlight not working near residential street,Medium
Power line down after storm near playground,High
Open manhole at bus stop posing danger,High
Minor cracks on road at stadium,Low
Open manhole at shopping mall posing danger,High
Major pothole on bus stop causing accidents,High
Blocked drainage causing foul smell at school gate,Medium
Sewage overflowing on railway station street,High
Posters defacing public property at factory gate,Low
Park benches broken at temple road,Low
Water leakage from pipe at college campus,Medium
Stray animals loitering at flyover,Low
Fire hazard due to garbage burning at office area,High
Graffiti on walls near railway station,Low
Water leakage from pipe at highway,Medium
Posters defacing public property at community hall,Low
Noise pollution from vehicles at college campus,Medium
Power line down after storm near residential street,High
Public toilet unhygienic at slum area,Low
Park benches broken at playground,Low
Flooded underpass at underpass blocking traffic,High
Open manhole at playground posing danger,High
Posters defacing public property at railway station,Low
Power line down after storm near shopping mall,High
Flooded underpass at playground blocking traffic,High
Posters defacing public property at slum area,Low
Rickshaw stand creating congestion at temple road,Medium
Illegal parking near temple road,Medium
Encroachment by vendors at bus stop,Low
Sewage overflowing on stadium street,High
Sewage overflowing on hospital entrance street,High
Fire hazard due to garbage burning at main road,High
Major pothole on temple road causing accidents,High
Street vendors occupying footpath at riverbank,Low
Fire hazard due to garbage burning at shopping mall,High
Water leakage from pipe at riverbank,Medium
Encroachment by vendors at flyover,Low
Fire hazard due to garbage burning at market,High
Park benches broken at market,Low
Gas leak reported near school gate,High
Park benches broken at underpass,Low
Gas leak reported near highway,High
Gas leak reported near temple road,High
Sewage overflowing on railway station street,High
Noise pollution from vehicles at market,Medium
Dim lights making park unsafe at bus stop,Low
Sewage overflowing on college campus street,High
Major pothole on highway causing accidents,High
Power line down after storm near stadium,High
Improper street sweeping at underpass,Low
Rickshaw stand creating congestion at highway,Medium
Traffic signal malfunctioning at riverbank,Medium
Fire hazard due to garbage burning at playground,High
Illegal parking near flyover,Medium
Broken sidewalk at factory gate,Medium
Graffiti on walls near community hall,Low
Blocked drainage causing foul smell at underpass,Medium
Dust from construction at factory gate,Medium
Public toilet unhygienic at shopping mall,Low
Sewage overflowing on bus stop street,High
Traffic signal malfunctioning at factory gate,Medium
Street vendors occupying footpath at slum area,Low
Open manhole at railway station posing danger,High
Encroachment by vendors at market,Low
Blocked drainage causing foul smell at residential street,Medium
Encroachment by vendors at railway station,Low
Traffic signal malfunctioning at factory gate,Medium
Collapsed footbridge at railway station,High
Gas leak reported near market,High
Gas leak reported near residential street,High
Blocked drainage causing foul smell at underpass,Medium
Noise pollution from vehicles at office area,Medium
Broken sidewalk at riverbank,Medium
Contaminated water supply reported at highway,High
Improper street sweeping at railway station,Low
Collapsed footbridge at office area,High
Posters defacing public property at slum area,Low
Power line down after storm near school gate,High
Blocked drainage causing foul smell at stadium,Medium
Collapsed footbridge at factory gate,High
Gas leak reported near office area,High
Dust from construction at highway,Medium
Dim lights making park unsafe at bus stop,Low
Traffic signal malfunctioning at main road,Medium
Water leakage from pipe at hospital entrance,Medium
Illegal parking near railway station,Medium
Open manhole at playground posing danger,High
Graffiti on walls near highway,Low
Traffic signal malfunctioning at stadium,Medium
Posters defacing public property at college campus,Low
Illegal parking near underpass,Medium
Contaminated water supply reported at residential street,High
Dim lights making park unsafe at underpass,Low
Water leakage from pipe at stadium,Medium
Gas leak reported near highway,High
Graffiti on walls near school gate,Low
Improper street sweeping at residential street,Low
Park benches broken at main road,Low
Water leakage from pipe at shopping mall,Medium
Stray animals loitering at temple road,Low
Minor cracks on road at office area,Low
Streetlight not working near underpass,Medium
Dust from construction at bus stop,Medium
Streetlight not working near school gate,Medium
Sewage overflowing on riverbank street,High
Illegal parking near college campus,Medium
Improper street sweeping at market,Low
Stray animals loitering at bus stop,Low
Improper street sweeping at college campus,Low
Collapsed footbridge at bus stop,High
Graffiti on walls near railway station,Low
Major pothole on community hall causing accidents,High
Posters defacing public property at stadium,Low
Encroachment by vendors at slum area,Low
Traffic signal malfunctioning at college campus,Medium
Major pothole on office area causing accidents,High
Improper street sweeping at flyover,Low
Street vendors occupying footpath at market,Low
Improper street sweeping at playground,Low
Broken sidewalk at flyover,Medium
Collapsed footbridge at flyover,High
Rickshaw stand creating congestion at school gate,Medium
Broken sidewalk at bus stop,Medium
Encroachment by vendors at main road,Low
Illegal parking near college campus,Medium
Power line down after storm near playground,High
Contaminated water supply reported at community hall,High
Minor cracks on road at temple road,Low
Power line down after storm near flyover,High
Open manhole at temple road posing danger,High
Power line down after storm near school gate,High
Rickshaw stand creating congestion at main road,Medium
Illegal parking near temple road,Medium
Encroachment by vendors at playground,Low
Blocked drainage causing foul smell at playground,Medium
Posters defacing public property at playground,Low
Encroachment by vendors at railway station,Low
Water leakage from pipe at school gate,Medium
Blocked drainage causing foul smell at school gate,Medium
Open manhole at hospital entrance posing danger,High
Dust from construction at railway station,Medium
Improper street sweeping at hospital entrance,Low
Power line down after storm near hospital entrance,High
Gas leak reported near flyover,High
Illegal parking near highway,Medium
Minor cracks on road at stadium,Low
Traffic signal malfunctioning at office area,Medium
Contaminated water supply reported at highway,High
Gas leak reported near hospital entrance,High
Posters defacing public property at temple road,Low
Illegal parking near community hall,Medium
Encroachment by vendors at school gate,Low
Traffic signal malfunctioning at college campus,Medium
Overflowing garbage bins at underpass,Medium
Water leakage from pipe at stadium,Medium
Minor cracks on road at riverbank,Low
Park benches broken at railway station,Low
Fire hazard due to garbage burning at playground,High
Overflowing garbage bins at slum area,Medium
Major pothole on hospital entrance causing accidents,High
Dim lights making park unsafe at flyover,Low
Encroachment by vendors at hospital entrance,Low
Posters defacing public property at factory gate,Low
Broken sidewalk at school gate,Medium
Open manhole at residential street posing danger,High
Power line down after storm near college campus,High
Contaminated water supply reported at bus stop,High
Public toilet unhygienic at temple road,Low
Street vendors occupying footpath at railway station,Low
Street vendors occupying footpath at main road,Low
Major pothole on playground causing accidents,High
Sewage overflowing on shopping mall street,High
Blocked drainage causing foul smell at residential street,Medium
Fire hazard due to garbage burning at flyover,High
Overflowing garbage bins at playground,Medium
Blocked drainage causing foul smell at railway station,Medium
Graffiti on walls near factory gate,Low
Exposed live electric wire near slum area,High
Dim lights making park unsafe at bus stop,Low
Dim lights making park unsafe at stadium,Low
Street vendors occupying footpath at highway,Low
Posters defacing public property at shopping mall,Low
Illegal parking near bus stop,Medium
Minor cracks on road at stadium,Low
Collapsed footbridge at flyover,High
Noise pollution from vehicles at underpass,Medium
Exposed live electric wire near slum area,High
Illegal parking near temple road,Medium
Gas leak reported near residential street,High
Water leakage from pipe at hospital entrance,Medium
Collapsed footbridge at market,High
Stray animals loitering at flyover,Low
Rickshaw stand creating congestion at factory gate,Medium
Rickshaw stand creating congestion at factory gate,Medium
Rickshaw stand creating congestion at main road,Medium
Minor cracks on road at hospital entrance,Low
Street vendors occupying footpath at main road,Low
Fire hazard due to garbage burning at slum area,High
Streetlight not working near railway station,Medium
Park benches broken at office area,Low
Major pothole on shopping mall causing accidents,High
Improper street sweeping at market,Low
Exposed live electric wire near main road,High
Encroachment by vendors at playground,Low
Broken sidewalk at underpass,Medium
Rickshaw stand creating congestion at playground,Medium
Streetlight not working near playground,Medium
Public toilet unhygienic at temple road,Low
Collapsed footbridge at college campus,High
Exposed live electric wire near bus stop,High
Rickshaw stand creating congestion at flyover,Medium
Street vendors occupying footpath at riverbank,Low
Contaminated water supply reported at main road,High
Encroachment by vendors at residential street,Low
Encroachment by vendors at bus stop,Low
Graffiti on walls near stadium,Low
Minor cracks on road at school gate,Low
Gas leak reported near residential street,High
Encroachment by vendors at bus stop,Low
Minor cracks on road at market,Low
Streetlight not working near playground,Medium
Power line down after storm near bus stop,High
Minor cracks on road at temple road,Low
Overflowing garbage bins at playground,Medium
Blocked drainage causing foul smell at railway station,Medium
Noise pollution from vehicles at shopping mall,Medium
Rickshaw stand creating congestion at stadium,Medium
Minor cracks on road at railway station,Low
Streetlight not working near residential street,Medium
Broken sidewalk at flyover,Medium
Illegal parking near bus stop,Medium
Encroachment by vendors at college campus,Low
Major pothole on highway causing accidents,High
Power line down after storm near shopping mall,High
Flooded underpass at slum area blocking traffic,High
Overflowing garbage bins at temple road,Medium
Broken sidewalk at highway,Medium
Traffic signal malfunctioning at highway,Medium
Exposed live electric wire near school gate,High
Flooded underpass at shopping mall blocking traffic,High
Major pothole on hospital entrance causing accidents,High
Contaminated water supply reported at factory gate,High
Traffic signal malfunctioning at main road,Medium
Major pothole on market causing accidents,High
Minor cracks on road at temple road,Low
Flooded underpass at factory gate blocking traffic,High
Posters defacing public property at highway,Low
Water leakage from pipe at railway station,Medium
Improper street sweeping at stadium,Low
Graffiti on walls near market,Low
Power line down after storm near playground,High
Noise pollution from vehicles at underpass,Medium
Blocked drainage causing foul smell at shopping mall,Medium
Collapsed footbridge at flyover,High
Contaminated water supply reported at college campus,High
Power line down after storm near underpass,High
Dim lights making park unsafe at community hall,Low
Broken sidewalk at temple road,Medium
Exposed live electric wire near community hall,High
Fire hazard due to garbage burning at bus stop,High
Flooded underpass at playground blocking traffic,High
Open manhole at flyover posing danger,High
Stray animals loitering at railway station,Low
Blocked drainage causing foul smell at factory gate,Medium
Public toilet unhygienic at hospital entrance,Low
Exposed live electric wire near hospital entrance,High
Park benches broken at shopping mall,Low
Stray animals loitering at flyover,Low
Collapsed footbridge at office area,High
Minor cracks on road at community hall,Low
Improper street sweeping at railway station,Low
Water leakage from pipe at railway station,Medium
Dim lights making park unsafe at railway station,Low
Traffic signal malfunctioning at office area,Medium
Gas leak reported near residential street,High
Encroachment by vendors at factory gate,Low
Street vendors occupying footpath at main road,Low
Major pothole on market causing accidents,High
Posters defacing public property at school gate,Low
Public toilet unhygienic at riverbank,Low
Dust from construction at highway,Medium
Park benches broken at playground,Low
Improper street sweeping at stadium,Low
Park benches broken at market,Low
Encroachment by vendors at railway station,Low
Power line down after storm near temple road,High
Encroachment by vendors at slum area,Low
Illegal parking near factory gate,Medium
Posters defacing public property at main road,Low
Encroachment by vendors at flyover,Low
Minor cracks on road at riverbank,Low
Collapsed footbridge at underpass,High
Power line down after storm near college campus,High
Gas leak reported near temple road,High
Power line down after storm near school gate,High
Noise pollution from vehicles at slum area,Medium
Rickshaw stand creating congestion at stadium,Medium
Noise pollution from vehicles at bus stop,Medium
Gas leak reported near railway station,High
Traffic signal malfunctioning at office area,Medium
Power line down after storm near hospital entrance,High
Traffic signal malfunctioning at shopping mall,Medium
Sewage overflowing on flyover street,High
Public toilet unhygienic at highway,Low
Water leakage from pipe at bus stop,Medium
Overflowing garbage bins at railway station,Medium
Water leakage from pipe at underpass,Medium
Stray animals loitering at residential street,Low
Contaminated water supply reported at railway station,High
Traffic signal malfunctioning at community hall,Medium
Sewage overflowing on factory gate street,High
Sewage overflowing on factory gate street,High
Posters defacing public property at flyover,Low
Water leakage from pipe at school gate,Medium
Noise pollution from vehicles at stadium,Medium
Streetlight not working near railway station,Medium
Street vendors occupying footpath at college campus,Low
Overflowing garbage bins at community hall,Medium
Graffiti on walls near community hall,Low
Minor cracks on road at college campus,Low
Streetlight not working near school gate,Medium
Open manhole at community hall posing danger,High
Overflowing garbage bins at main road,Medium
Noise pollution from vehicles at temple road,Medium
Dust from construction at stadium,Medium
Stray animals loitering at railway station,Low
Collapsed footbridge at riverbank,High
Blocked drainage causing foul smell at highway,Medium
Stray animals loitering at shopping mall,Low
Graffiti on walls near flyover,Low
Street vendors occupying footpath at flyover,Low
Noise pollution from vehicles at shopping mall,Medium
Dim lights making park unsafe at flyover,Low
Public toilet unhygienic at college campus,Low
Improper street sweeping at school gate,Low
Public toilet unhygienic at office area,Low
Minor cracks on road at community hall,Low
Power line down after storm near college campus,High
Flooded underpass at bus stop blocking traffic,High
Noise pollution from vehicles at underpass,Medium
Park benches broken at office area,Low
Water leakage from pipe at playground,Medium
Street vendors occupying footpath at hospital entrance,Low
Dim lights making park unsafe at slum area,Low
Stray animals loitering at main road,Low
Dim lights making park unsafe at flyover,Low
Graffiti on walls near school gate,Low
Noise pollution from vehicles at school gate,Medium
Public toilet unhygienic at shopping mall,Low
Blocked drainage causing foul smell at market,Medium
Water leakage from pipe at stadium,Medium
Illegal parking near underpass,Medium
Broken sidewalk at flyover,Medium
Noise pollution from vehicles at community hall,Medium
Street vendors occupying footpath at factory gate,Low
Noise pollution from vehicles at community hall,Medium
Public toilet unhygienic at factory gate,Low
Rickshaw stand creating congestion at underpass,Medium
Graffiti on walls near underpass,Low
Streetlight not working near stadium,Medium
Streetlight not working near main road,Medium
Streetlight not working near community hall,Medium
Open manhole at main road posing danger,High
Fire hazard due to garbage burning at shopping mall,High
Major pothole on highway causing accidents,High
Noise pollution from vehicles at main road,Medium
Broken sidewalk at stadium,Medium
Streetlight not working near college campus,Medium
Park benches broken at factory gate,Low
Contaminated water supply reported at shopping mall,High
Stray animals loitering at flyover,Low
Posters defacing public property at market,Low
Flooded underpass at temple road blocking traffic,High
Collapsed footbridge at community hall,High
Public toilet unhygienic at underpass,Low
Exposed live electric wire near office area,High
Improper street sweeping at hospital entrance,Low
Overflowing garbage bins at community hall,Medium
Sewage overflowing on underpass street,High
Noise pollution from vehicles at bus stop,Medium
Overflowing garbage bins at temple road,Medium
Overflowing garbage bins at office area,Medium
Fire hazard due to garbage burning at playground,High
Contaminated water supply reported at temple road,High
Contaminated water supply reported at underpass,High
Broken sidewalk at hospital entrance,Medium
Improper street sweeping at bus stop,Low
Gas leak reported near bus stop,High
Improper street sweeping at main road,Low
Broken sidewalk at residential street,Medium
Traffic signal malfunctioning at stadium,Medium
Rickshaw stand creating congestion at stadium,Medium
Encroachment by vendors at bus stop,Low
Collapsed footbridge at bus stop,High
Graffiti on walls near temple road,Low
Posters defacing public property at office area,Low
Improper street sweeping at highway,Low
Broken sidewalk at office area,Medium
Collapsed footbridge at market,High
Improper street sweeping at factory gate,Low
Dim lights making park unsafe at riverbank,Low
Traffic signal malfunctioning at shopping mall,Medium
Street vendors occupying footpath at factory gate,Low
Traffic signal malfunctioning at main road,Medium
Illegal parking near market,Medium
Collapsed footbridge at community hall,High
Posters defacing public property at playground,Low
Stray animals loitering at school gate,Low
Broken sidewalk at temple road,Medium
Streetlight not working near hospital entrance,Medium
Stray animals loitering at flyover,Low
Blocked drainage causing foul smell at highway,Medium
Stray animals loitering at playground,Low
Contaminated water supply reported at market,High
Minor cracks on road at underpass,Low
Noise pollution from vehicles at college campus,Medium
Gas leak reported near residential street,High
Graffiti on walls near residential street,Low
Graffiti on walls near bus stop,Low
Power line down after storm near stadium,High
Streetlight not working near office area,Medium
Encroachment by vendors at hospital entrance,Low
Improper street sweeping at main road,Low
Flooded underpass at railway station blocking traffic,High
Minor cracks on road at playground,Low
Sewage overflowing on residential street street,High
Encroachment by vendors at hospital entrance,Low
Streetlight not working near residential street,Medium
Streetlight not working near residential street,Medium
Broken sidewalk at office area,Medium
Broken sidewalk at slum area,Medium
Sewage overflowing on residential street street,High
Dust from construction at factory gate,Medium
Traffic signal malfunctioning at highway,Medium
Posters defacing public property at flyover,Low
Exposed live electric wire near hospital entrance,High
Encroachment by vendors at college campus,Low
Stray animals loitering at residential street,Low
Public toilet unhygienic at stadium,Low
Major pothole on railway station causing accidents,High
Exposed live electric wire near underpass,High
Graffiti on walls near bus stop,Low
Park benches broken at highway,Low
Flooded underpass at hospital entrance blocking traffic,High
Water leakage from pipe at riverbank,Medium
Fire hazard due to garbage burning at residential street,High
Dim lights making park unsafe at factory gate,Low
Fire hazard due to garbage burning at community hall,High
Illegal parking near community hall,Medium
Water leakage from pipe at railway station,Medium
Power line down after storm near riverbank,High
Major pothole on community hall causing accidents,High
Traffic signal malfunctioning at highway,Medium
Blocked drainage causing foul smell at riverbank,Medium
Contaminated water supply reported at residential street,High
Overflowing garbage bins at bus stop,Medium
Sewage overflowing on residential street street,High
Encroachment by vendors at underpass,Low
Water leakage from pipe at school gate,Medium
Major pothole on market causing accidents,High
Posters defacing public property at temple road,Low
Broken sidewalk at college campus,Medium
Water leakage from pipe at temple road,Medium
Exposed live electric wire near hospital entrance,High
Public toilet unhygienic at factory gate,Low
Overflowing garbage bins at residential street,Medium
Posters defacing public property at factory gate,Low
Exposed live electric wire near market,High
Overflowing garbage bins at underpass,Medium
Graffiti on walls near community hall,Low
Park benches broken at riverbank,Low
Traffic signal malfunctioning at railway station,Medium
Collapsed footbridge at playground,High
Park benches broken at highway,Low
Open manhole at riverbank posing danger,High
Major pothole on hospital entrance causing accidents,High
Dust from construction at slum area,Medium
Illegal parking near main road,Medium
Contaminated water supply reported at temple road,High
Fire hazard due to garbage burning at railway station,High
Flooded underpass at office area blocking traffic,High
Minor cracks on road at slum area,Low
Stray animals loitering at office area,Low
Power line down after storm near playground,High
Broken sidewalk at office area,Medium
Traffic signal malfunctioning at school gate,Medium
Street vendors occupying footpath at railway station,Low
Streetlight not working near railway station,Medium
Power line down after storm near office area,High
Contaminated water supply reported at railway station,High
Posters defacing public property at community hall,Low
Flooded underpass at school gate blocking traffic,High
Exposed live electric wire near shopping mall,High
Major pothole on slum area causing accidents,High
Overflowing garbage bins at stadium,Medium
Rickshaw stand creating congestion at college campus,Medium
Contaminated water supply reported at factory gate,High
Power line down after storm near school gate,High
Stray animals loitering at slum area,Low
Graffiti on walls near bus stop,Low
Street vendors occupying footpath at college campus,Low
Overflowing garbage bins at college campus,Medium
Dim lights making park unsafe at residential street,Low
Improper street sweeping at highway,Low
Exposed live electric wire near playground,High
Improper street sweeping at school gate,Low
Contaminated water supply reported at stadium,High
Rickshaw stand creating congestion at riverbank,Medium
Overflowing garbage bins at factory gate,Medium
Exposed live electric wire near bus stop,High
Noise pollution from vehicles at flyover,Medium
Streetlight not working near flyover,Medium
Minor cracks on road at office area,Low
Open manhole at main road posing danger,High
Graffiti on walls near college campus,Low
Rickshaw stand creating congestion at riverbank,Medium
Rickshaw stand creating congestion at railway station,Medium
Blocked drainage causing foul smell at main road,Medium
Water leakage from pipe at college campus,Medium
Collapsed footbridge at temple road,High
Major pothole on factory gate causing accidents,High
Encroachment by vendors at playground,Low
Rickshaw stand creating congestion at railway station,Medium
Gas leak reported near main road,High
Open manhole at hospital entrance posing danger,High
Traffic signal malfunctioning at railway station,Medium
Graffiti on walls near college campus,Low
Contaminated water supply reported at bus stop,High
Overflowing garbage bins at highway,Medium
Gas leak reported near railway station,High
Contaminated water supply reported at slum area,High
Major pothole on residential street causing accidents,High
Public toilet unhygienic at slum area,Low
Noise pollution from vehicles at riverbank,Medium
Gas leak reported near playground,High
Street vendors occupying footpath at railway station,Low
Open manhole at college campus posing danger,High
Rickshaw stand creating congestion at temple road,Medium
Fire hazard due to garbage burning at playground,High
Stray animals loitering at residential street,Low
Dim lights making park unsafe at flyover,Low
Minor cracks on road at stadium,Low
Contaminated water supply reported at railway station,High
Encroachment by vendors at factory gate,Low
Graffiti on walls near main road,Low
Sewage overflowing on playground street,High
Broken sidewalk at slum area,Medium
Water leakage from pipe at bus stop,Medium
Dim lights making park unsafe at bus stop,Low
Major pothole on railway station causing accidents,High
Exposed live electric wire near shopping mall,High
Streetlight not working near railway station,Medium
Rickshaw stand creating congestion at riverbank,Medium
Broken sidewalk at college campus,Medium
Street vendors occupying footpath at college campus,Low
Fire hazard due to garbage burning at community hall,High
Minor cracks on road at stadium,Low
Overflowing garbage bins at residential street,Medium
Flooded underpass at college campus blocking traffic,High
Overflowing garbage bins at riverbank,Medium
Streetlight not working near bus stop,Medium
Streetlight not working near community hall,Medium
Collapsed footbridge at underpass,High
Dim lights making park unsafe at highway,Low
Graffiti on walls near temple road,Low
Park benches broken at playground,Low
Blocked drainage causing foul smell at main road,Medium
Collapsed footbridge at highway,High
Public toilet unhygienic at slum area,Low
Open manhole at college campus posing danger,High
Noise pollution from vehicles at office area,Medium
Illegal parking near railway station,Medium
Fire hazard due to garbage burning at college campus,High
Gas leak reported near hospital entrance,High
Rickshaw stand creating congestion at highway,Medium
Power line down after storm near underpass,High
Flooded underpass at community hall blocking traffic,High
Collapsed footbridge at college campus,High
Exposed live electric wire near hospital entrance,High
Broken sidewalk at highway,Medium
Fire hazard due to garbage burning at school gate,High
Streetlight not working near market,Medium
Graffiti on walls near bus stop,Low
Graffiti on walls near community hall,Low
Broken sidewalk at hospital entrance,Medium
Blocked drainage causing foul smell at playground,Medium
Contaminated water supply reported at community hall,High
Fire hazard due to garbage burning at stadium,High
Improper street sweeping at highway,Low
Rickshaw stand creating congestion at residential street,Medium
Sewage overflowing on underpass street,High
Park benches broken at railway station,Low
Major pothole on market causing accidents,High
Flooded underpass at riverbank blocking traffic,High
Stray animals loitering at riverbank,Low
Power line down after storm near underpass,High
Exposed live electric wire near highway,High
Flooded underpass at railway station blocking traffic,High
Gas leak reported near community hall,High
Dust from construction at market,Medium
Improper street sweeping at temple road,Low
Contaminated water supply reported at factory gate,High
Improper street sweeping at underpass,Low
Graffiti on walls near playground,Low
Stray animals loitering at stadium,Low
Flooded underpass at main road blocking traffic,High
Collapsed footbridge at main road,High
Encroachment by vendors at college campus,Low
Water leakage from pipe at residential street,Medium
Encroachment by vendors at residential street,Low
Graffiti on walls near office area,Low
Dim lights making park unsafe at residential street,Low
Overflowing garbage bins at factory gate,Medium
Illegal parking near factory gate,Medium
Rickshaw stand creating congestion at office area,Medium
Open manhole at community hall posing danger,High
Stray animals loitering at slum area,Low
Park benches broken at underpass,Low
Public toilet unhygienic at playground,Low
Street vendors occupying footpath at school gate,Low
Major pothole on temple road causing accidents,High
Noise pollution from vehicles at school gate,Medium
Fire hazard due to garbage burning at factory gate,High
Overflowing garbage bins at slum area,Medium
Streetlight not working near residential street,Medium
Improper street sweeping at college campus,Low
Dust from construction at market,Medium
Gas leak reported near playground,High
Power line down after storm near temple road,High
Traffic signal malfunctioning at stadium,Medium
Blocked drainage causing foul smell at school gate,Medium
Encroachment by vendors at market,Low
Water leakage from pipe at shopping mall,Medium
Encroachment by vendors at office area,Low
Water leakage from pipe at flyover,Medium
Open manhole at stadium posing danger,High
Collapsed footbridge at stadium,High
Park benches broken at school gate,Low
Overflowing garbage bins at slum area,Medium
Blocked drainage causing foul smell at highway,Medium
Open manhole at playground posing danger,High
Collapsed footbridge at slum area,High
Fire hazard due to garbage burning at railway station,High
Rickshaw stand creating congestion at playground,Medium
Minor cracks on road at factory gate,Low
Stray animals loitering at factory gate,Low
Major pothole on underpass causing accidents,High
Rickshaw stand creating congestion at college campus,Medium
Streetlight not working near slum area,Medium
Power line down after storm near college campus,High
Overflowing garbage bins at college campus,Medium
Illegal parking near school gate,Medium
Park benches broken at playground,Low
Dust from construction at slum area,Medium
Graffiti on walls near slum area,Low
Public toilet unhygienic at playground,Low
Collapsed footbridge at college campus,High
Collapsed footbridge at bus stop,High
Streetlight not working near residential street,Medium
Improper street sweeping at school gate,Low
Broken sidewalk at market,Medium
Public toilet unhygienic at main road,Low
Rickshaw stand creating congestion at residential street,Medium
Power line down after storm near highway,High
Gas leak reported near market,High
Sewage overflowing on residential street street,High
Gas leak reported near slum area,High
Overflowing garbage bins at stadium,Medium
Dust from construction at main road,Medium
Broken sidewalk at stadium,Medium
Noise pollution from vehicles at market,Medium
Park benches broken at railway station,Low
Major pothole on highway causing accidents,High
Traffic signal malfunctioning at riverbank,Medium
Encroachment by vendors at community hall,Low
Posters defacing public property at bus stop,Low
Streetlight not working near community hall,Medium
Stray animals loitering at community hall,Low
Exposed live electric wire near underpass,High
Blocked drainage causing foul smell at hospital entrance,Medium
Contaminated water supply reported at riverbank,High
Water leakage from pipe at college campus,Medium
Major pothole on hospital entrance causing accidents,High
Exposed live electric wire near riverbank,High
Encroachment by vendors at bus stop,Low
Sewage overflowing on underpass street,High
Improper street sweeping at bus stop,Low
Power line down after storm near hospital entrance,High
Traffic signal malfunctioning at stadium,Medium
Illegal parking near riverbank,Medium
Park benches broken at hospital entrance,Low
Overflowing garbage bins at playground,Medium
Park benches broken at office area,Low
Posters defacing public property at highway,Low
Stray animals loitering at flyover,Low
Water leakage from pipe at office area,Medium
Dust from construction at highway,Medium
Major pothole on residential street causing accidents,High
Broken sidewalk at community hall,Medium
Overflowing garbage bins at college campus,Medium
Dust from construction at riverbank,Medium
Blocked drainage causing foul smell at hospital entrance,Medium
Collapsed footbridge at community hall,High
Encroachment by vendors at stadium,Low
Collapsed footbridge at hospital entrance,High
Minor cracks on road at hospital entrance,Low
Water leakage from pipe at residential street,Medium
Broken sidewalk at main road,Medium
Noise pollution from vehicles at shopping mall,Medium
Broken sidewalk at college campus,Medium
Flooded underpass at office area blocking traffic,High
Contaminated water supply reported at playground,High
Stray animals loitering at temple road,Low
Encroachment by vendors at slum area,Low
Illegal parking near playground,Medium
Open manhole at riverbank posing danger,High
Power line down after storm near college campus,High
Overflowing garbage bins at school gate,Medium
Traffic signal malfunctioning at stadium,Medium
Improper street sweeping at riverbank,Low
Rickshaw stand creating congestion at slum area,Medium
Improper street sweeping at shopping mall,Low
Posters defacing public property at riverbank,Low
Contaminated water supply reported at temple road,High
Dust from construction at market,Medium
Rickshaw stand creating congestion at underpass,Medium
Fire hazard due to garbage burning at stadium,High
Streetlight not working near school gate,Medium
Noise pollution from vehicles at residential street,Medium
Water leakage from pipe at shopping mall,Medium
Encroachment by vendors at office area,Low
Collapsed footbridge at highway,High
Posters defacing public property at underpass,Low
Street vendors occupying footpath at playground,Low
Power line down after storm near railway station,High
Rickshaw stand creating congestion at hospital entrance,Medium
Overflowing garbage bins at office area,Medium
Stray animals loitering at office area,Low
Noise pollution from vehicles at flyover,Medium
Public toilet unhygienic at riverbank,Low
Sewage overflowing on slum area street,High
Streetlight not working near slum area,Medium
Power line down after storm near community hall,High
Illegal parking near shopping mall,Medium
Broken sidewalk at main road,Medium
Public toilet unhygienic at riverbank,Low
Dust from construction at factory gate,Medium
Major pothole on stadium causing accidents,High
Street vendors occupying footpath at underpass,Low
Blocked drainage causing foul smell at highway,Medium
Dust from construction at riverbank,Medium
Flooded underpass at railway station blocking traffic,High
Dim lights making park unsafe at railway station,Low
Exposed live electric wire near hospital entrance,High
Overflowing garbage bins at hospital entrance,Medium
Water leakage from pipe at hospital entrance,Medium
Public toilet unhygienic at college campus,Low
Public toilet unhygienic at market,Low
Fire hazard due to garbage burning at bus stop,High
Open manhole at residential street posing danger,High
Power line down after storm near college campus,High
Traffic signal malfunctioning at residential street,Medium
Traffic signal malfunctioning at factory gate,Medium
Contaminated water supply reported at shopping mall,High
Major pothole on residential street causing accidents,High
Noise pollution from vehicles at playground,Medium
Public toilet unhygienic at playground,Low
Illegal parking near underpass,Medium
Streetlight not working near highway,Medium
Dust from construction at riverbank,Medium
Graffiti on walls near hospital entrance,Low
Public toilet unhygienic at office area,Low
Gas leak reported near shopping mall,High
Major pothole on hospital entrance causing accidents,High
Illegal parking near bus stop,Medium
Fire hazard due to garbage burning at shopping mall,High
Graffiti on walls near playground,Low
Contaminated water supply reported at hospital entrance,High
Sewage overflowing on residential street street,High
Improper street sweeping at flyover,Low
Dim lights making park unsafe at shopping mall,Low
Fire hazard due to garbage burning at residential street,High
Gas leak reported near factory gate,High
Broken sidewalk at slum area,Medium
Blocked drainage causing foul smell at railway station,Medium
Noise pollution from vehicles at temple road,Medium
Graffiti on walls near community hall,Low
Dim lights making park unsafe at school gate,Low
Major pothole on residential street causing accidents,High
Sewage overflowing on underpass street,High
Rickshaw stand creating congestion at hospital entrance,Medium
Dust from construction at underpass,Medium
Dim lights making park unsafe at underpass,Low
Graffiti on walls near riverbank,Low
Public toilet unhygienic at market,Low
Posters defacing public property at highway,Low
Traffic signal malfunctioning at main road,Medium
Graffiti on walls near railway station,Low
Stray animals loitering at market,Low
Broken sidewalk at playground,Medium
Streetlight not working near office area,Medium
Noise pollution from vehicles at shopping mall,Medium
Dust from construction at riverbank,Medium
Blocked drainage causing foul smell at riverbank,Medium
Park benches broken at hospital entrance,Low
Traffic signal malfunctioning at college campus,Medium
Open manhole at bus stop posing danger,High
Gas leak reported near flyover,High
Streetlight not working near office area,Medium
Park benches broken at main road,Low
Collapsed footbridge at shopping mall,High
Gas leak reported near temple road,High
Public toilet unhygienic at flyover,Low
Fire hazard due to garbage burning at community hall,High
Traffic signal malfunctioning at bus stop,Medium
Improper street sweeping at playground,Low
Flooded underpass at factory gate blocking traffic,High
Gas leak reported near residential street,High
Noise pollution from vehicles at hospital entrance,Medium
Contaminated water supply reported at main road,High
Improper street sweeping at shopping mall,Low
Stray animals loitering at riverbank,Low
Water leakage from pipe at highway,Medium
Collapsed footbridge at slum area,High
Street vendors occupying footpath at bus stop,Low
Street vendors occupying footpath at railway station,Low
Park benches broken at hospital entrance,Low
Contaminated water supply reported at temple road,High
Flooded underpass at playground blocking traffic,High
Public toilet unhygienic at playground,Low
Streetlight not working near factory gate,Medium
Exposed live electric wire near temple road,High
Fire hazard due to garbage burning at playground,High
Dim lights making park unsafe at market,Low
Public toilet unhygienic at market,Low
Exposed live electric wire near factory gate,High
Sewage overflowing on market street,High
Posters defacing public property at factory gate,Low
Noise pollution from vehicles at slum area,Medium
Broken sidewalk at railway station,Medium
Street vendors occupying footpath at playground,Low
Street vendors occupying footpath at college campus,Low
Improper street sweeping at market,Low
Improper street sweeping at temple road,Low
Overflowing garbage bins at playground,Medium
Encroachment by vendors at shopping mall,Low
Graffiti on walls near playground,Low
Streetlight not working near playground,Medium
Park benches broken at factory gate,Low
Graffiti on walls near college campus,Low
Flooded underpass at hospital entrance blocking traffic,High
Encroachment by vendors at highway,Low
Graffiti on walls near temple road,Low
Posters defacing public property at office area,Low
Major pothole on school gate causing accidents,High
Illegal parking near community hall,Medium
Gas leak reported near community hall,High
Noise pollution from vehicles at highway,Medium
Noise pollution from vehicles at school gate,Medium
Dust from construction at hospital entrance,Medium
Streetlight not working near playground,Medium
Park benches broken at flyover,Low
Encroachment by vendors at market,Low
Illegal parking near highway,Medium
Overflowing garbage bins at underpass,Medium
Street vendors occupying footpath at flyover,Low
Graffiti on walls near residential street,Low
Graffiti on walls near community hall,Low
Power line down after storm near stadium,High
Open manhole at office area posing danger,High
Overflowing garbage bins at playground,Medium
Traffic signal malfunctioning at temple road,Medium
Overflowing garbage bins at railway station,Medium
Illegal parking near school gate,Medium
Graffiti on walls near factory gate,Low
Traffic signal malfunctioning at railway station,Medium
Major pothole on stadium causing accidents,High
Flooded underpass at underpass blocking traffic,High
Street vendors occupying footpath at railway station,Low
Minor cracks on road at office area,Low
Contaminated water supply reported at slum area,High
Exposed live electric wire near bus stop,High
Illegal parking near playground,Medium
Public toilet unhygienic at railway station,Low
Dim lights making park unsafe at school gate,Low
Dust from construction at main road,Medium
Major pothole on school gate causing accidents,High
Exposed live electric wire near shopping mall,High
Sewage overflowing on slum area street,High
Stray animals loitering at underpass,Low
